business,ビジネス、事業
company,会社、同行する、仲間
office,会社、事務所、役所
want,欲しい、望む
store,店、蓄え、蓄える
way,方法、道、やり方
order,注文する、要求
call,呼ぶ、電話
service,サービス、接客
base,基本、ベース
pay,払う、給料
product,商品
report,レポート、報告する
problem,問題
job,仕事、勤め口
market,市場
price,価格、値段
rate,割合、率、レート
change,変わる、交代する
check,チェックする、会計、小切手
part,部分、役割
plan,計画、計画する
sale,売る、セール
room,部屋
area,場所
free,自由
sure,確かな
increase,増える
tax,税金
receive,受け取る
include,含む、入れる
program,計画、番組
cost,費用、対価
government,政府
offer,申し込む、進める、申し出
charge,料金を課す、料金
experience,経験
state,述べる、国家、状態
information,情報、案内
account,口座、勘定
turn,戻る、振り返る
form,形、形作る
decide,決める、決定する
customer,顧客、得意先
line,線、行列、電話線
schedule,予定、予定する
sign,署名する、兆候
show,見せる
drive,運転する、ドライブ
return,返す、収益
department,百貨店
run,走る、経営する
close,閉じる、店を閉める
serve,奉仕する、仕える
cause,引き起こす、原因
arrive,到着する
board,登場する、板
expect,期待する、待つ
air,空気
system,制度、方式
course,コース
own,所有する、自分自身の
bill,請求書、請求する
enjoy,楽しむ
public,公共、出版する
manager,支配人、部長
seat,席、席を取る
weather,天気
stand,立つ、耐える
notice,注目する、予告
trip,旅行、旅する
happen,起こる
break,休憩、壊す
complete,完成する、完成した
fill,埋める
floor,床、階
age,年、時代
type,型、タイプ
point,指示する、指摘する、要点
passenger,旅客、通行人
main,大事な、主の
care,気にかける、世話
save,貯める、貯蓄
develop,開発する
provide,提供する
allow,許す
spend,費やす
drop,落とす、一滴
hold,保つ
mail,メールする、メール
copy,複写、コピーする
international,国際的な
pass,通過する、渡す
message,伝言
front,前面、正面、前
condition,状態
fire,火、クビにする
probably,おそらく
term,期間、専門用語
interest,興味、利子、利息
request,要求する、請求
foreign,外国の
meal,食事
control,支配、制御、支配する
discount,安くする
regular,普通
wear,着る、衣服
trouble,もめごと、問題を起こす
expensive,高い
industry,工業、産業
local,土地の、地元の、普通列車
position,位置、地位、姿勢
busy,忙しい
reach,近づく、到着する
traffic,交通
value,価値、価格
possible,可能な
cover,カバーする、表紙
mind,心、気にする
energy,活力
result,結果
matter,問題、重要になる
post,郵便、柱
accident,事故
amount,量
attend,出席する、出席
continue,続ける、続行
degree,度、学位
heart,心、中心、心臓
prefer,好む
plant,植物、工場
discuss,議論する
cash,現金、現金にする
conversation,会話
record,記録、記録する
direct,直接
head,頭、トップ
directly,直接的に
party,パーティ、政党
boss,上司
policy,政策、信念
fall,落ちる、下がる
pick,選ぶ、迎えにいく
case,場合、事情、事例
airline,航空路
necessary,必要な
surprise,驚き、驚かせる
popular,人気の
study,勉強、研究する
design,設計する、デザイン
medicine,薬、医学
law,法律、法則
lead,導く、先導
list,リスト
period,期間、ピリオド
safe,安全な
step,手段、段
short,短い、不足
apply,申し込む、応用する
produce,製造する、産物
couple,組の
chance,機会
present,出席の、現在の
fine,元気、罰金
force,力、軍隊
likely,しそうな
prepare,用意する、備える
decision,決心、決定
total,合計の、合計する
limit,限界、制限する
training,訓練
corner,端、角
reason,理由
limitation,制限
add,加える
national,国家の、国の
face,顔、面と向かう
express,表現する
demand,要求する、需要
depend,頼る
repair,修理する、修理
gas,ガソリン、ガス
ship,船、船で運ぶ
crowded,込んでいる
lose,負ける
clear,明白、きれいな
sound,音
activity,活動
crowd,群集
daily,日々の
raise,上げる
catch,捕らえる
exercise,運動、運動する
skin,肌
ground,地面、根拠
agree,合意する
ready,用意が整った
press,押す、新聞
tour,旅行
date,日付、デートする
deal,取引、取引する
enter,入る
level,水準、平らな、平らにする
accept,受け入れる
damage,衝撃、衝撃を与える
excellent,素晴らしい
patient,患者
process,経過
block,阻む、区画
join,加わる
remember,思い出す
immediatey,ただちに、すぐに
taste,味
downtown,街（繁華街）
follow,従う、ついて行く
rise,昇る、上る
handle,扱う、処理する
trade,交換する、貿易する
rest,休む、休息
cheap,安い、安易な
except,除く
future,未来
land,土地、場所
suit,適する、スーツ
fail,落第する、失敗する
furniture,家具
safety,安全
language,言葉
quarter,四分の一
advise,アドバイスする
ahead,先に、先んじて
single,一人、独身
cross,渡る、交わる
disease,病気
earn,稼ぐ
improve,改善する
favorite,好みの、お気に入りの
inform,伝える
purpose,目的
suggest,提案する
choose,選ぶ
distance,距離
tired,疲れる
attention,注目
balance,調和、残高、釣り合い
balanced,調和の取れた
figure,形、姿
support,支援、支持する
clothes,衣服、衣類
dress,着せる、衣服
war,戦争
appear,現れる
address,住所、宛名を書く、公演する
careful,注意する
branch,枝、支店
dial,電話番号を押す
fix,修理する
promise,約束する、約束
media,メディア
wonder,気になる、思う、驚き
race,人種、競争、競争する
actually,実際に
adult,成人、成人の
advice,アドバイス
appearance,姿、出現
warn,警告する
angry,怒る
announce,告げる
announcement,告白
claim,要求する、要求
general,一般の、全般の
create,創造する
deliver,運ぶ
drug,薬、麻薬
salary,給料
effort,努力
personal,個人的な
private,私的な、非公開の
recently,最近
practice,練習する、練習、実行
standard,一般、基準
education,教育
view,視界、見方、考察する
film,映画、撮影する
hang,ぶら下がる
agency,代理店
entrance,入り口
guess,推測する、推測
monthly,月間の、月一回の
heat,熱
share,共有する、分け前
material,原料、物質の
print,印刷する、印刷
excuse,許す、言い訳
double,2倍の、2倍
invite,招く
invitation,招待
borrow,借りる
effect,効果
forward,前に
official,公的な
further,それ以上、さらにそれ以上
lie,横たわる、うそをいう、うそ
reserve,予約する、蓄え
hire,雇う
responsible,責任がある
action,行動、実行
citizen,市民
rush,急ぐ、急ぎ
subject,学科、主題
detail,詳細の
touch,触る、接触
hardly,ほとんど～ない
protect,防ぐ
wind,巻く、うねる、風
final,最後の
gain,得る、利益
success,成功する
model,モデル
protection,防御
win,勝つ
approach,近づく
pain,痛み、苦痛
direction,方向
event,行事
explain,説明する
mention,述べる、言及する
serious,まじめな、重大な
common,共通の
fare,運賃、料金
lift,持ち上げる、同乗
nation,国、国家
officer,警察官、役員
describe,描く、描写する
instead,代わりに
signal,信号、サイン
vote,投票する、投票
guide,導く、ガイド
certainly,確かに、承知しました
ability,能力
bar,酒場、カウンター
blood,血
nearly,ほとんど（ほぼ）、もう少し
contain,含む
lock,鍵をかける、錠
mark,印、印をつける
basic,基本
professional,プロの、専門の
suffer,苦しむ
attack,攻撃する
district,地区、地域
earthquake,地震
favor,好意
grade,位、学年、成績
clerk,店員、事務員
fair,平等の
fit,適した、からだに合う
match,合う、合致、試合
mix,混ぜる、混合
profit,利益、利益を得る
slip,滑る、伝票
flag,旗、合図する
human,人間の
permit,許可を得る
pole,極、柱
progress,進歩、進歩する
publish,公表する、出版する
regard,～とみなす
regarding,～に関して、～について
shock,衝撃、衝撃を与える
terible,ひどい、残酷な
tie,結ぶ、ネクタイ
correct,正しい、正す
shape,形、形づくる
miss,失敗する、失敗
bit,少し
compare,比較する
empty,空の、空にする
introduce,紹介する
bear,堪える、熊
separately,別々に
capital,首都、大文字、資本
comfortable,快適な
complain,文句を言う
garage,ガレージ
content,中身
court,法廷、コート、中庭
example,例
exciting,興奮させる
judge,判断する
realize,悟る、気づく
remove,取り除く
route,道、道筋
length,長さ
method,方法
modern,最近の、新しい
opinion,意見
pack,荷造りする、包装
package,包み、小包
performance,演奏、業績
pleasure,喜び、楽しむ
sense,感じる、感覚
separate,離れる、離れた
spread,広がる
spare,代替品、（時間等）割く
tight,きつい、予定が詰まっている
flat,平らな
collect,集める
collection,収集
intend,～するつもり
load,積荷、積み込む
destroy,破壊する
difficulty,困難
edge,角、端、刃
payment,支払い
guard,防御、見張り
highly,高く
catalog,目録
usual,普通の
succeed,成功する、後継する
social,社会的な
row,漕ぐ、列、並び
fashion,流行
examination,試験
crash,衝突する、衝突
storm,嵐
certain,確かな
cable,ケーブル
agent,代理人、代行店
gather,集める、集まる
knowledge,知識
measure,測る
movemet,動向、動き
prevent,（事前に）防ぐ
spot,斑点、見つける
sail,帆、航海する
plenty,豊富な、たくさんの
count,数える
abroad,外国へ
arrange,手配する
lawyer,弁護士
grand,大きな
former,以前の
firm,会社、堅い
fan,扇風機
strike,打つ、打撃
stretch,伸ばす
stair,階段
stage,段階、舞台
sort,種類
shake,揺れる、握手する
plate,皿、表札
plain,豊富な、たくさんの
master,達人
manage,管理する
lucky,幸運な
luck,運、幸運
lend,貸す
lay,横たえる
hurt,傷つける
flow,流れる、流れ
flood,洪水、（川が）氾濫する
fence,柵
exit,出口
doubt,疑う、疑い
century,世紀
cab,タクシー
burn,燃える
aware,気づく
arrangement,手配
anxious,心配な
beat,打つ、打ち負かす、鼓動
defence,防御
worthy,価値がある
worth,価値がある、価値
wise,賢い
wire,ワイヤー、電線
valuable,価値のある
tool,道具
tip,チップ、チップを渡す
swing,振る
solve,解決する
require,要求する、必要とする
rent,賃貸する、賃貸料
refer,参照する
rapid,急ぐ、急ぎの
puzzle,パズル、困惑する
proud,誇りに思う
powerful,力強い
per,毎
moment,ほんの少しの間
minute,分
insect,虫
image,想像、画像
host,主催する、主人
goal,目標、ゴール
freeze,凍る
following,次の
stock,在庫、株、貯める
fault,過ち、欠点
employee,従業員
electricity,電気
disk,円盤
difference,差異
credit,信用、信用する
brush,ブラシ
broadcast,放送する、放送
broad,広い
beauty,美しさ
article,記事
arrival,到着
according,従って
due,期限の
project,計画、事業
available,入手できる
-
found,設立する
foundation,設立、創立
contact,連絡する
reduce,縮小する
instruction,指示、指導
issue,問題、課題、発行する
advantage,利点、利用する
application,応募、応用
average,平均の
chart,図・表
concern,心配する、心配
director,監督、取締役
file,ファイル
illness,病気
income,収入
item,品物
loan,貸付、貸す
major,大事な、主要な、科目
majority,過半数
property,財産
recommend,推薦する
suppose,思う、仮定する
research,研究、研究する
graduagte,卒業する
security,安全、警備
supply,供給する、供給
economy,経済、節約
contract,契約、契約する
expert,専門家
additional,追加の
quality,品質、質
addition,加えて
budget,予算、予算を立てる
document,文書
expense,支出、費用
fee,料金、手数料
fund,賃金
insurance,保険
management,管理、経営
situation,状況、立場
staff,職員
temperature,温度、湿度
benefit,利益を得る、利益
range,範囲、範疇
advance,前もって
advanced,進んだ
avoid,避ける
cancel,キャンセルする、キャンセル
chemical,化学の
delay,遅れ、延期する
deposit,預金、（お金を）預ける
diet,飲食
display,並べる、陳列
effective,効果のある
equipment,準備
extra,余分の
individual,個々の、個人の
interview,面接、面接する
lack,不足、欠乏
license,免許、許可する
loss,損失
luggage,荷物
means,手段、方法
relationship,関係
performance,演奏する
recent,最近の
skill,技能、熟練
submit,提出する
survey,調査、調査する
production,生産、製造
global,世界の、全体の
operate,操作する
operation,操作、操縦
operator,操作員
section,区分、課
statement,声明
communication,意思伝達
data,データ、資料
organization,組織、団体
access,接続、利用、アクセスする
convenient,便利な
encourage,勇気づける
feature,特徴
location,場所、位置
neighborhood,近所
lately,最近、近頃
injury,怪我
growth,成長
goods,商品、現品
fried,揚げた
exchange,交換する、両替する
relax,休息をとる。くつろぐ
entire,全ての、全部の
domestic,国内の、家庭内の
development,成長、開発、発展
determine,決心する
decrease,減少する
consider,考慮する
congratulation,おめでとう
conduct,指揮する、案内する
competition,競争、競技
community,共同体
client,顧客
brief,簡潔な
basis,基本、基礎
attempt,挑戦する、試す、試み
attach,取り付ける、添付する
assistant,補助者、助手
appointment,約束、アポイント
agreement,合意、同意、契約書
affect,影響する
active,活動的な
network,通信、ネットワーク
opportunity,機会、チャンス
original,独特の、元々の
rule,規則、支配
pressure,重圧、プレッシャー
responsibility,責任
retire,隠居する、退職する
review,調査、感想（批評）
risk,リスクを取る、危険
screen,画面、選別する
select,選ぶ
selected,選ばれた
simple,単純な、簡潔な
function,機能
simply,単純に、簡潔に
sincerely,心をこめて
traditional,伝統的な
transfer,移送する
treat,取り扱う、治療する
aid,救助、救急用具
attempted,挑戦した、未遂の
unit,単位、量
variety,豊富な、潤沢な
vehicle,車、乗り物
wild,野生的な、野生
grant,与える、認める、許可する
housing,住宅
political,政治的な
replace,置き換える
crime,罪、犯罪
criminal,犯罪の、犯人
accompany,同席する、同行する
channel,チャンネル（テレビ）
comment,論評
disappoint,失望する、がっかりさせる
disappointment,失望
establish,設立する
identify,特定する
import,輸入する、輸入
industrial,産業の、工業の
industrious,生産的な
lane,車線、航路
occur,起こる
percentage,率、パーセンテージ
permission,許可
physical,肉体的な、物理的な
previous,以前の
principal,原理の、主な
receipt,領収書、受領書
surround,囲む
tough,体力のある、きつい
unique,個性的な、独特の、唯一の
upset,イライラさせる（怒らせる）
visa,ビザ、査証
volume,音量、体積
climate,気候
committee,委員会
insist,主張する
victim,犠牲者、被害者
arrest,逮捕する、逮捕
novel,小説、新しい
ordinary,普通の、当たり前の
population,人口
refuse,拒否する、拒む
salesman,ビジネスマン
senior,上司の、年長者
stadium,スタジアム、競技場
brand-new,真新しい、新品の
suitable,ぴったりした。適した
technology,技術
attractive,魅力的な
bargain,バーゲン、セール、特価
brand,ブランド、商標
bore,退屈する
challenge,挑戦
commercial,商業的な
confirm,確認する
connect,つなぐ、接続する
cough,せき、せきをする
description,描写
desire,望み、願望
export,輸出する、輸出
fully,完全に
generation,世代、年代
impress,印象を与える
impression,印象
labor,労働者、労働、働く
lean,傾く、寄りかかる
maintain,保持する、保つ
mineral,ミネラル、鉱物
option,選択権、選択
overseas,外国の、海外への
owe,借りがある
proper,適切な
properly,適切に
rarely,めったに～ない
release,開放する
satisfy,満足させる
seek,探す、探索する
series,シリーズ物、連続
similar,似ている、同じの
statue,彫像、銅像
suggestion,提案
surface,表面
suspect,疑う、疑わしく思う、容疑者
vision,視力
admit,認める
appeal,アピール、アピールする
attitude,態度、姿勢
attract,惹きつける
authority,権限
career,経歴、職歴
celebrate,祝う
device,装置、道具
employ,雇う
employment,雇用
essential,本質的な、欠かせない
audience,聴衆、観衆
finance,経済、財政
financial,経済的な
harbor,港
nervous,神経的な
recognize,認識する、認める
regulation,規制
settle,定着する
strict,厳しい、厳格な
survive,生き残る
tone,口調
wage,賃金、給料
normal,普通の、正常の
author,著者
bet,賭ける、賭け金
cart,手押し車
character,特性、性格
dentist,歯医者
desert,砂漠
economic,経済の
entertainment,娯楽、エンターテイメント
equal,平等の、等しい
exact,正しい、正確な
exactly,正確に、そのとおり
extremely,非常に
flash,光る、フラッシュ
afford,～する余裕がある
besides,～加えて、その上
ceremony,儀式
cure,治療、治す
excite,興奮する
generally,一般的に
height,高さ
importance,重要性
mood,気分、ムード
particular,特定の、特別の
possibility,可能性
proof,証明、証拠
prove,証明する
remind,気づかせる、思い出させる
roll,転がる、巻く
rough,荒い、大まかな
roughly,大まかに、荒く
sight,視界、視力
slice,薄く切る（スライスする）、切片
stroke,一振り
sudden,突然の
technical,技術的な
technique,技術、技法
trend,流行
union,組合
warning,警告
waste,捨てる、浪費
achieve,達成する
aim,目標、目指す、狙う
apart,離れる、離れて
approve,証明する、承認する
asleep,眠っている
battle,戦闘
belong,所属する
birth,誕生
bright,明るい、賢い
campus,構内、キャンパス
cloth,布、衣服
clothing,衣服
complex,複雑な、複合施設
delivery,配達、運送
dig,掘る
elect,選ぶ
error,誤り、失敗
exist,存在する
familiar,よく知られている
fancy,高級な
fear,恐れ、恐怖
feed,餌を与える
flour,小麦粉
grace,優雅
hate,嫌う、憎む
hunt,狩る、狩猟する、狩猟
hunting,狩り、探索
imaginary,架空の、想像上の
imagination,想像
imagine,想像する
influence,影響、影響を与える
institution,機関、団体
interrupt,遮る、横槍を入れる
legal,法的な、合法の
manner,マナー、作法
membership,会員、メンバー
mostly,多くは、大部分は
nature,自然
occasion,機会
opposite,反対の、逆の
overnight,一晩中
pardon,許す、許し
peak,最高点、ピーク
pile,積荷の山、積み重ねる
plastic,プラスチック製の
playground,運動場
port,港
prize,賞
reasonable,理の通った
recover,回復する
reform,改築する、改善する
reply,返事する、返事
represent,代表する
roast,焼く
seldom,めったに～ない
society,社会
shade,影、日陰、影にする
signature,サイン、署名
slightly,わずかに
specific,明確な、具体的な
stream,小川、流れ
talent,才能、才能のある人
target,ターゲット、的、標的
tear,裂く、涙
breathe,息をする
bunch,束、集まり
drugstore,薬局
duty,義務、責務
envelope,包み、封筒
experiment,実験、試験
float,浮かぶ、漂う
keyboard,キーボード
metal,金属
native,母国の
otherwise,さもなければ
pace,速度、ペース
passport,パスポート、旅券
polish,磨く、研磨剤
pour,注ぐ、
proposal,提案
propose,提案する、プロポーズする
rank,地位、ランク
reporter,貴社
response,応答、反応
shoot,撃つ、撮影する
shot,撮影、注射
slide,滑る
smart,賢い
smooth,なだらかな、滑らかな
sore,痛い（筋肉痛=muscle,sore)
spell,詳しく話す
stuff,物
sum,合計、総額
temper,気性、機嫌
thief,泥棒、盗賊
toast,乾杯
trust,信用する、信用
twin,双子の
uniform,制服
weigh,重さを量る
weight,重さ、体重
wipe,拭く、拭う
ambulance,救急車
battery,バッテリー、電池
cafeteria,カフェテリア
completely,完全に
ease,和らげる、くつろいで
evidence,証拠
exception,例外
headache,頭痛
horizon,地平線、水平線
impact,衝撃、影響
introduction,紹介、導入
journey,旅行、旅
lid,ふた
link,つながる、関係、輪
muscle,筋肉、筋力
pat,軽くたたく
path,道、通り道
polite,丁寧な
precious,大切な、かけがえのない
pride,誇り
reflect,反射する
reject,拒否する
related,関係のある、親戚の
repeat,繰り返す
respect,尊敬する
solid,固い、固体の、固体
strength,強さ
struggle,悩む、苦しむ
tail,尻尾、末尾
shame,恥
witness,証人、目撃者、目撃する
trail,挑戦、試み、裁判
sweat,汗をかく、汗
stick,棒、杖、貼り付ける
steady,確固たる、安定の
screw,回す、ねじでとめる、ねじ
scientific,科学的な
sample,例、見本
pleasant,喜ばしい、好ましい
role,役割
rely,頼る、あてにする
regret,後悔する、後悔
male,男性、オス
raw,生きている、生の
pure,純粋な
practical,実用的な
planet,惑星、
parade,行列
object,物、目的
neat,きれいな、きっちりとした
mild,穏やかな
melt,溶ける
lonely,さびしい、一人ぼっちの
lazy,だらけた、なまけた
hide,隠れる、隠す
harm,危害を加える、危害
gym,体育館、ジム
distant,距離が遠い
formal,形式的な
forgive,許す
female,女性、メス
explore,探索する
educate,教育する
defend,守る
dare,思い切って～する
custom,習慣、税関
chapter,章
brilliant,明るい、頭脳明晰な
brake,ブレーキをかける、ブレーキ
assist,手伝う
argument,議論、口論
argue,議論する、口論する
brain,脳、頭脳
boil,沸かす
blame,責める、非難する
bend,曲げる
assistance,お手伝い、援助
admire,褒める、感嘆する
absent,欠席の、不在の
teenager,十代
trick,罠、騙す
distribution,分配、配布
index,索引
typical,典型的な
actual,実際の、現実の
awake,目が覚めて、目覚める
dust,埃、ゴミ
cheer,元気づける
companion,仲間
depth,深さ
dislike,嫌う、嫌悪
downstairs,下の階
freedom,自由
hero,英雄
intelligent,賢い
intelligence,賢さ
mass,巨大な塊
adopt,養子にする
arise,生じる、起こる
burst,破裂する、破裂
defeat,打ち負かす、敗北
delete,消去する
dismiss,解雇する、捨てる
explanation,説明
glue,糊付けする、糊
gossip,ゴシップ、うわさ話
jail,刑務所
jeopardize,危険にさらす
memory,記憶、思い出
merit,益、価値
negative,消極的な
noisy,うるさい
obviously,明らかに
pause,止まる、休止
profession,職業
revolution,革命
ruin,ぐちゃぐちゃにする、破滅
steal,盗む
sufficient,十分な
surely,確かに
advertise,宣伝する、広告を出す
advertisement,宣伝、広告
advertising,宣伝の
annual,毎年の
bonus,賞与
choice,選択
conference,会議
construction,建設、建造物
counter,数えるもの、計算機
dine,食事をする
divide,分ける、分割する
enclose,同封する
estate,財産
federal,連邦の
indicate,示唆する、指し示す
literature,文学
locate,位置する
owner,所有者
platform,駅のホーム
promising,見込みのある
purchase,購入する
reservation,予約
spin,回転する、回転
spoil,だめにする
stranger,他人
track,線路、トラック
used,中古の
will,意思
dealer,販売する人、店
award,栄冠、賞
county,郡
current,現在の、流れ
deadline,締め切り
emergency,緊急、非常事態
examine,試験する、調べる
facility,施設
guarantee,保証する、保証
invest,投資する
investment,投資
lower,下方の、下げる
luxurious,贅沢な
luxury,贅沢品、贅沢な
maximum,最大の、最大
measurement,測定、寸法
minimum,最小の、最小
nuclear,核の、原子力の
predict,予測する、予見する
procedure,手順、手続き
quit,やめる
register,登録する
registered,登録された
rental,賃貸の
software,ソフト
solution,解決策
representative,代表者
resident,居住者
selection,選択
sidewalk,側道、歩道
source,源
style,様式、スタイル
residence,居住
appreciate,ありがたく思う、感謝する
destination,目的地
jewelry,宝石
region,地域
regional,地域の
presentation,発表、上映
involve,巻き込まれる、のめり込む
ironic,皮肉的な、批判的な
resume,再び始める
cancer,癌
expand,拡大する
negotiation,交渉
candidate,候補者
consumer,消費者
divorce,離婚、離婚する
competitive,競争の
consult,意見を得る
dessert,デザート
adjust,適合する、調整する
administration,政府、経営
admission,入場料、入場許可
approximately,おおよそ
association,提携、組合
chef,料理長
complaint,文句、苦情
container,容器、コンテナ
corporation,会社、
despite,にもかかわらず
division,部、課
estimate,見積もる、見積もり
executive,幹部、実行する
extend,延長する
flavor,香り、風味
frequently,しばしば
install,ソフトをインストールする
marriage,結婚
obtain,獲得する
outdoor,屋外の
pollution,汚染
resource,資源、資産
secure,安全な
severe,厳しい、本気の
definite,明確な
alternate,交互の
alternative,代わりの
anniversary,記念日
assign,人を割り当てる、任命する
assignment,任命、宿題
commission,手数料
contribute,貢献する
contribution,貢献
debt,負債
electric,電気の
engineering,技術、工学
failure,失敗
garbage,ゴミ、がらくた
graph,図表
graphic,図表の
grocery,食料
inn,宿屋
laundry,クリーニング店
participate,参加する
poll,世論調査、投票
promote,促進する
promotion,促進
qualify,資格を与える
reception,受付、歓迎
retirement,退職
treatment,治療、待遇
unemployment,失業
version,バージョン
improvement,改善
convince,説得する、納得させる
academic,大学の、学術的な
accommodation,収容、宿泊設備
alarm,警報器、目覚まし
atmosphere,空気、大気
automatic,自動の、機械の
automation,自動化、機械化
banker,銀行の責任者
cabinet,整理棚、キャビネット
communicate,意思疎通を図る
compete,競争する、競う
conservation,保護、保存
cultural,文化的な
depression,景気後退、鬱
deserve,～の価値がある
embassy,大使館
exceed,超える、超越する
exhaust,くたくたになる、排気
fairly,かなり、公正に
flu,インフルエンザ
generous,寛大な
observe,観察する、見る
headquarters,本社
huge,大きな、巨大な
ignore,無視する
injure,怪我をする
investigation,調査
launch,打ち上げる、発射
lecture,講義
rear,後ろの、後部の、後ろ
truth,真実、真理
observation,観察
outstanding,目立った、飛びぬけた
pale,白い、青ざめた
penalty,罰、罰金
portable,持ち運びできる、携帯の
potential,可能性のある
preparation,準備
proceed,手続きを進める
proceeding,手続き
recession,景気後退
reduction,削減
remain,保持する
scale,規模、はかり
spirit,精神
theme,主題、テーマ
unusual,普通でない、異常な
acid,酸性の、酸性
background,背景、経歴
bleed,出血する
constant,一定の、続いている
crop,穀物、農作物
decline,傾く、低下する
exhibit,展示する、展示会
fever,風邪の熱
humid,湿気の多い
machinery,機械
military,軍隊
minor,少数の
nearby,近くに、近くの
oppose,反対する
opposition,反対、抵抗
reference,参照
resort,リゾート地
restore,修復する
scare,恐れさせる、恐怖
score,点数、得点、得点する
seal,封をする、封印
search,探す、捜索
stress,ストレス、重圧
abuse,乱用する、虐待する、乱用、虐待
amaze,驚く
ancient,古代の、昔の
attraction,魅力
baggage,荷物
bond,接着する、きずな
calm,静かな、落ち着いた
careless,注意の薄い
casual,普段の、非形式的な
casualty,犠牲者
charity,慈善活動
clinic,診療所
compound,混合物、混合する
confidence,自信
confident,自信のある
creative,創造的な
crew,乗組員、乗務員
crush,激しくぶつかる
detective,探偵
discourage,やる気を失くす
discussion,議論
environment,環境
equally,平等に
expose,さらす
filter,ろ過する、ろ過
frame,枠、縁
fuel,燃料
grain,穀物
habit,くせ
honor,敬意
hook,服をかけるかぎ
ideal,理想の、理想的な
joint,共同の、合弁の
journal,雑誌
label,ラベルを貼る、ラベル
mainly,主に
maintenance,整備
mechanical,機械的な
partner,相手、協力者
patience,忍耐
permanent,永遠の
pioneer,開拓者、開拓する
pioneering,開拓の
proportion,均等さ
rare,まれな、珍しい
ray,光線、放射線
relief,安らぎ
relieve,安らげる
respond,反応する、返答する
retain,保持する
shift,移る、交替
strain,緊張、引っ張る
temporary,一時的な
tend,～しがち
theory,理論
tide,潮、傾向
twist,ひねる、曲げる、ねじれ
various,さまざまな
wrap,包む
eager,熱心な
instrument,器具、楽器
motion,動体
organ,内臓、臓器
pose,ポーズをとる
sensitive,敏感な
seriously,まじめに
split,分ける
toss,トスする、トス
accuse,訴える、非難する
accused,非難された、被告の
behavior,ふるまい、行動
burden,重荷、負担
cabinet,棚
chop,切り刻む
cling,しがみつく
criticism,批判、批評
critic,批評家
critic,批評家
dependent,頼る
emphasis,強調
decorate,飾る
heavily,重く
inexpensive,安い
internal,内部の
miracle,奇跡
monitor,監視装置、モニター
organize,組織する
organized,組織された
oxygen,酸素
postal,郵便の
privacy,プライバシー
reputation,評判
privilege,特権、特典
pray,祈る
secondary,二番目の
shield,防護、シールド
sightseeing,観光
skip,飛ばす（抜かす）
stall,立ち往生する
stare,一点を凝視する
alive,生きている
escape,逃れる、逃亡
positive,確信している
praise,称賛
silence,沈黙
sink,沈む、台所の流し
symbol,シンボル、象徴
absolute,絶対な
absolutely,絶対に
boast,自慢する
bomb,爆弾、爆弾を仕掛ける
delighted,喜んでいる
delight,喜び
continent,大陸
considerable,相当の、かなりの
election,選挙
creature,生物
essay,随筆
breed,飼育する
fortune,財産、幸運
employer,雇用者
dramatic,劇的な
celebration,お祝い
chase,追いかける
frighten,恐れる
gap,差、隔たり
relate,関連づける
reality,現実
occupy,占める
presence,出席
occupation,職業
gradually,徐々に、段々と
instant,即席の、一瞬
ladder,はしご
loose,ゆるい
loosen,ゆるめる
leisure,レジャー、余暇
relation,関係
relative,比較的、親戚
sympathy,同情
totally,完全に、まったく
treasure,宝物
tune,チューニングする
wound,傷、傷つける
forecast,予報、予測する
manufacture,製造する
manufacturer,製造者
yield,産出する
net,正味の、ネット
rumor,うわさ
murder,殺人
passage,通過
absence,欠席、不在
basement,地下室
blank,空白の
border,境界線
carriage,運搬車
chairman,議長
crack,ひびが入る、割れる
discovery,発見する
dull,鈍い
greet,あいさつする
informal,非形式的の
keen,熱心な
pill,薬
possess,所持する
possession,所持
quarrel,口論、口論する
reward,報酬を与える、報酬
ride,乗る
rob,盗む
sensible,分別のある
threat,脅威、恐れ
threaten,脅かす
tradition,伝統
weapon,武器
belief,信念
connection,接続
gross,総計の
hesitate,ためらう
primary,優先の
recall,思い出す、回収する、回収
width,広さ
cast,投げる、投じる
deny,否定する
airmail,航空郵便
balcony,バルコニー
bitter,苦い
caution,注意
closely,密接に
conscious,意識のある
cruel,残酷な
emotion,感情
emotional,感情的な
funeral,葬式
guilty,罪の意識がある
handy,便利な
hint,ヒント
intention,意図
liberty,自由
odd,奇怪な、変な
offend,責める
possibly,おそらく
pretend,～のふりをする
principle,原理、原則
probable,起こり得る
religion,宗教、信仰
rub,こする、磨く
atomic,原子の
rude,失礼な
soil,土壌
sour,酸っぱい
structure,構造
tap,栓、軽くたたく
bare,裸の
beg,懇願する
translate,翻訳する
transport,輸送する
affair,問題
analysis,分析
transportation,輸送、交通
ugly,醜い
vast,広大な
yell,叫ぶ、叫び
draft,草案、下書き
inspire,鼓舞する
abstract,抽象的な
accurate,正確な
awful,ひどい、恐い
badly,まずく
behave,ふるまう
bold,図々しい
bury,埋める
cheat,ズルをする、だます
coincide,同時に起きる
coincidence,同時発生、偶然
faith,運命
fame,名声
conclude,結論付ける
curve,曲線、カーブ
disappear,消える、消失する
drill,穴を開ける
element,要素
expression,表現
fellow,仲間
flock,群れ
fortunate,幸運な
fortunately,幸運に
glance,ちらっと見る
grateful,感謝する
mount,積もる
necessity,必要性
invent,発明する
landscape,風景、景色
mental,精神の、心の
merchant,商業の、商人
neglect,無視する、無視
offense,侮辱、攻撃
passion,情熱
personality,個性、性格
pity,残念に思う
rival,ライバル、好敵手
root,根、ルーツ
sentence,文
sketch,スケッチ、スケッチを描く
stiff,堅い
string,ひも
stupid,ばかな、愚かな
swear,誓う
sweep,掃く
underground,地下の、公にならない
vague,ぼやけた
victory,勝利
violence,暴力、乱暴
violent,乱暴な、暴力の
visual,目に見える、視覚の
wealth,富
wing,羽根、翼
